{
  "version": "2.0",
  "logging": {
    "applicationInsights": {
      "samplingSettings": {
        "isEnabled": true,
        "excludedTypes": "Request"
      },
      "enableLiveMetricsFilters": true
    },
    "logLevel": {
      "default": "Information",
      "Host.Results": "Error",
      "Function": "Information",
      "Host.Aggregator": "Trace"
    }
  },
  "functionTimeout": "00:10:00",
  "healthMonitor": {
    "enabled": true,
    "healthCheckInterval": "00:00:10",
    "healthCheckWindow": "00:02:00",
    "healthCheckThreshold": 6,
    "counterThreshold": 0.80
  },
  "singleton": {
    "lockPeriod": "00:00:15",
    "listenerLockPeriod": "00:01:00",
    "listenerLockRecoveryPollingInterval": "00:01:00",
    "lockAcquisitionTimeout": "00:01:00",
    "lockAcquisitionPollingInterval": "00:00:03"
  },
  "retry": {
    "strategy": "exponentialBackoff",
    "maxRetryCount": 3,
    "minimumInterval": "00:00:02",
    "maximumInterval": "00:00:30"
  },
  "extensions": {
    "http": {
      "routePrefix": "api",
      "maxOutstandingRequests": 200,
      "maxConcurrentRequests": 100,
      "dynamicThrottlesEnabled": true
    },
    "serviceBus": {
      "prefetchCount": 100,
      "messageHandlerOptions": {
        "autoComplete": false,
        "maxConcurrentCalls": 32,
        "maxAutoRenewDuration": "00:05:00"
      },
      "sessionHandlerOptions": {
        "autoComplete": false,
        "messageWaitTimeout": "00:00:30",
        "maxAutoRenewDuration": "00:05:00",
        "maxConcurrentSessions": 16
      }
    },
    "cosmosDB": {
      "connectionMode": "Gateway",
      "protocol": "Https",
      "leaseOptions": {
        "leasePrefix": "MemberPropertyAlert"
      }
    }
  }
}
